,Number,Name,Review,Stars,Sug/Com
0,118,Prince Gurjar,"
BILKUL HI BEKAR HAI ISE MAT LENA


jab se maine iss watch ko liya hai maine isme bhut si chije notice ki hai jai iski battery 3 din chalti hai bss 100% charge bhi aur notification time se nahi aati hai whatsapp business ki to aati hi nhi hai aur sleep bhi galat monitoring karti hai overall asa koi bhi reason nhi hai jisse mai iss watch ko thoda sa bhi aacha keh skuboat company pagal bana rhi hai bss aur kuch nhi hai apna logo laga diya hai manufacturing whi apne aka china se kra rhe hai to ye sab problem to aani hai hai bilkul hi ghatiya wacth hai so please ise na kharide isse aacha to meri pehli wali watch thi NOISE ki battery backup bhi acha tha time se notification aati thi whatsapp ki bhi aati thi
",1.0 out of 5 stars,0
1,418,NAINSI RAJPUT,"
Accurate


It is mine blowing product guys . I am using this  watch last 6 months i am happy to purchase this watch all sensors  are working and we also upload your pics in watch wallpaper it is easy  to use and long-lasting  material . Only 1 hour take charging  se app logg 30 din tak use kar legai araam se maine bhi pahele  baar online watch magai thi pahele Darr lagg raha tha fir Aaj 6 months  baad phone dekhe ke liye aya tha fir mujhe ye watch dikhi to socha ap logo ko bta de issewatch k baare me .
",5.0 out of 5 stars,1
2,436,Ram Bhatia,"
Bakwas


Faulty received 3 days me 6 se 7 baarr aapne aap hi switch off ho jati or replace ment me jo mili usme hath me dalne ke baad bhi ye show krti hai ki hath me nHi hai ya tighty dalo. Bakwas na hi buy kro itni range me koi or dekh lo
",2.0 out of 5 stars,0
3,438,ANURAG VERMA,"
‡§≠‡§∞‡•ã‡§∏‡•á‡§Æ‡§Ç‡§¶ ‡§™‡•ç‡§∞‡•ã‡§°‡§ï‡•ç‡§ü‡•§‡•§‡•§






                    The media could not be loaded.
                



¬†‡§Ø‡§¶‡§ø ‡§∏‡•á‡§≤ ‡§™‡§∞ ‡§≤‡•á‡§Ç‡§ó‡•á ‡§§‡§¨ ‡§î‡§∞ ‡§≠‡•Ä ‡§∏‡§π‡•Ä ‡§∞‡§π‡•á‡§ó‡§æ‡•§‡•§ ‡§Ø‡§¶‡§ø ‡§ï‡§æ‡§≤ ‡§ï‡•ã ‡§∞‡§ø‡§∏‡•Ä‡§µ ‡§ï‡§∞‡§®‡•á ‡§ï‡§æ ‡§´‡§Ç‡§ï‡•ç‡§∂‡§® ‡§î‡§∞ ‡§ú‡•Å‡•ú‡§æ ‡§π‡•ã‡§§‡§æ ‡§§‡•ã ‡§î‡§± ‡§ö‡§æ‡§∞ ‡§ö‡§æ‡§Å‡§¶ ‡§≤‡§ó ‡§ú‡§æ‡§§‡•á‡•§‡•§
",5.0 out of 5 stars,1
4,548,Lj,"
boAt Xtend






                    The media could not be loaded.
                



¬†boAt Xtend ‡§≤‡•á‡§ï‡•á ‡§ï‡•Å‡§õ ‡§Æ‡§§‡§≤‡§¨ ‡§®‡§π‡•Ä‡§Ç ‡§π‡•á ‡§ï‡•ç‡§Ø‡•ã‡§Ç‡§ï‡§ø ‡§á‡§∏‡§ï‡•Ä ‡§¨‡•â‡§°‡•Ä ‡§Æ‡§ü‡•Ä‡§∞‡•Ä‡§Ø‡§≤ ‡§≠‡•Ä ‡§è‡§ï ‡§¶‡§Æ ‡§ö‡•Ä‡§Ç‡§™ ‡§ï‡•ç‡§µ‡§ø‡§≤‡•ç‡§ü‡•Ä ‡§ï‡•Ä ‡§≤‡§ó‡§§‡•Ä ‡§π‡•á ‡§ì‡§∞ ‡§§‡•ã ‡§ì‡§∞ ‡§∏‡•ç‡§ü‡•á‡§™‡•ç‡§∏ ‡§ï‡§æ‡§â‡§Ç‡§ü ‡§≠‡•Ä ‡§†‡•Ä‡§ï ‡§∏‡•á ‡§®‡§π‡•Ä‡§Ç ‡§ï‡§∞ ‡§∏‡§ï‡§§‡•Ä ‡§Ö‡§≠‡•Ä ‡§ï‡•Å‡§õ ‡§¶‡§ø‡§®‡•ã ‡§™‡§π‡§≤‡•á ‡§Æ‡•á‡§Ç ‡§¨‡§∏ ‡§Æ‡•á‡§Ç ‡§ü‡•ç‡§∞‡•à‡§µ‡§≤ ‡§ï‡§∞ ‡§∞‡§π‡§æ ‡§•‡§æ ‡§â‡§∏ ‡§∏‡§Æ‡§Ø ‡§≠‡•Ä ‡§∏‡•ç‡§ü‡•á‡§™‡•ç‡§∏ ‡§ï‡§æ‡§â‡§Ç‡§ü ‡§ï‡§∞ ‡§∞‡§π‡•Ä ‡§•‡•Ä ‡§â‡§∏ ‡§∏‡§Æ‡§Ø ‡§≤‡§ó‡§≠‡§ó12000 ‡§∏‡•ç‡§ü‡•á‡§™‡•ç‡§∏ ‡§π‡•ã ‡§ó‡§Ø‡•á ‡§•‡•á ‡§á‡§∏‡§≤‡§ø‡§Ø ‡§Æ‡•á‡§∞‡•á ‡§™‡§æ‡§∏ ‡§Ö‡§¨ ‡§ì‡§∞ ‡§ï‡•Å‡§õ ‡§¨‡•ã‡§≤‡•á‡§®‡•á ‡§ï‡•á ‡§≤‡§ø‡§è ‡§¨‡§ö‡§æ ‡§π‡•Ä ‡§®‡§π‡•Ä‡§Ç‚Ä¶.
",1.0 out of 5 stars,0
5,622,Jay Prakash,"
Auto Automatically disconnects the connection for mobile






                    The media could not be loaded.
                



¬†Battery backup acha hai 5 days tk chal jati hai..heart rate, sleep time ye sb shi btata hai ..isme ek problem hai apne aap mobile se disconnect ho jata hai . mobile samne ho fir bhi..
",4.0 out of 5 stars,1
6,630,Shivani,"
Nice smart watch






                    The media could not be loaded.
                



¬†Is watch ko me last 4 days se use kar rahi hu, accha hai watch,5 din battery jati hai.Phn me se app band kiya to Alexa bhi gayab hoti hai.Baki iska performance accha hai.Dikhane me bhi bahut cute hai, belt bhi bahot accha hai.Alexa se connection gaya hai, ye pata nahi chalata jab tak ap usko use nahi karte ho, to iska notification ana chahiye.
",4.0 out of 5 stars,1
7,658,hemali r.,"
I am not setisfied


My watch and charger not match and i am returning that item and i got msg till 14 July they pickup and wo log ab bol rahe hai humko screenshot bhejo ..kahase bheju ..pata hota to lebhi leti
",1.0 out of 5 stars,0
8,775,Prabhat singh,"
Watch is not working


Ye watch mai 3 din me phle li aur meri watch watch discharge hogyi uske baad ye charge nhi ho rhiPower on nhi ho rhaIsme charging ka problem aagyi achanakJisko bhi ise lena hai thoda aur paise lga ke kuch better product purchase kar lena
",1.0 out of 5 stars,0
9,955,Satish Kumar Srivastava,"
‡§∞‡§æ‡§§ ‡§Æ‡•á‡§Ç ‡§™‡§π‡§®‡§ï‡§∞ ‡§∏‡•ã‡§®‡•á ‡§™‡§∞ ‡§®‡•Ä‡§Ç‡§¶ ‡§ï‡§æ ‡§∏‡§§‡•ç‡§Ø‡§æ‡§®‡§æ‡§∂ ‡§π‡•ã‡§®‡§æ ‡§®‡§ø‡§∂‡•ç‡§ö‡§ø‡§§ ‡§π‡•à ‡•§


REM Sleep ‡§ï‡•Ä ‡§Æ‡•â‡§®‡§ø‡§ü‡§∞‡§ø‡§Ç‡§ó ‡§ï‡§∞‡§®‡•á ‡§π‡•á‡§§‡•Å ‡§â‡§™‡§Ø‡•ã‡§ó ‡§ï‡§ø‡§Ø‡§æ ‡§™‡§∞ ‡§Ö‡§¨ ‡§Ø‡•á ‡§Æ‡•á‡§∞‡•á ‡§≤‡§ø‡§è ‡§¨‡•á‡§ï‡§æ‡§∞ ‡§π‡•à ‡§ï‡•ç‡§Ø‡•ã‡§Ç‡§ï‡§ø ‡§á‡§∏‡•á ‡§™‡§π‡§®‡§ï‡§∞ ‡§∏‡•ã ‡§™‡§æ‡§®‡§æ ‡§Æ‡•Å‡§Æ‡§ï‡§ø‡§® ‡§®‡§π‡•Ä‡§Ç ‡§π‡•à ‡§î‡§∞ ‡§á‡§∏‡§®‡•á ‡§Æ‡•á‡§∞‡•Ä ‡§ï‡§à ‡§∞‡§æ‡§§‡•ã‡§Ç ‡§ï‡•Ä ‡§®‡•Ä‡§Ç‡§¶ ‡§ï‡§æ ‡§∏‡§§‡•ç‡§Ø‡§æ‡§®‡§æ‡§∂ ‡§ï‡§∞ ‡§¶‡§ø‡§Ø‡§æ ‡•§ ‡§ú‡§¨ ‡§∏‡•á ‡§á‡§∏‡•á ‡§π‡§ü‡§æ‡§Ø‡§æ ‡§π‡•à ‡§§‡§¨ ‡§∏‡•á ‡§Æ‡•à‡§Ç ‡§´‡§ø‡§∞ ‡§∏‡•á ‡§∏‡•ã ‡§™‡§æ ‡§∞‡§π‡§æ ‡§π‡•Ç‡§Ç ‡•§ ‡§¶‡§ø‡§® ‡§Æ‡•á‡§Ç ‡§™‡•ç‡§∞‡§Ø‡•ã‡§ó ‡§ï‡§∞‡§§‡§æ ‡§π‡•Ç‡§Ç ‡•§
",2.0 out of 5 stars,0
10,1006,PRASHANT BHARDWAJ,"
‡§¨‡§π‡•Å‡§§ ‡§Ö‡§ö‡•ç‡§õ‡•Ä ‡§ò‡§°‡§º‡•Ä ‡§π‡•à ‡•§


Quality, price, features ‡§∏‡§≠‡•Ä ‡§Æ‡§æ‡§Æ‡§≤‡•ã‡§Ç ‡§Æ‡•á‡§Ç ‡§Ø‡•á ‡§ò‡§°‡§º‡•Ä ‡§¨‡§π‡•Å‡§§ ‡§Ö‡§ö‡•ç‡§õ‡•Ä ‡§π‡•à‡•§
",5.0 out of 5 stars,1
11,1023,Mohtasim ansari,"
‡§è‡§ï‡§¶‡§Æ ghtiya


Battry kro full hojati h half apne ‡§Ü‡§™Lene se phle soch le‡§á‡§∏‡§∏‡•á acha noise le mere frnd ke ps h bhadiya response h
",2.0 out of 5 stars,0
12,1075,Tarkeshwar,"
Watch dail ka llok bhut premium h


Look bhut acha hai.1.Iski screen color bhut dull hai.2.alexa slow hai3.gui bhi lack krta hai4.sleep traking accurate hai..but baki me toda doubt hai5.watch faces utna attractive nhi lga..only at a tym 3 watch faces hi download kr skte ho(+4phle se rhega)
",3.0 out of 5 stars,1
13,1179,Gautam panwar,"
Kuch or aahi h mere pass


Bhaiya ji or kuch aaya h mere pass. . Plzzzzz ye ky aayaa hai meri help kijiye
",1.0 out of 5 stars,0
14,1319,Satyendra prakash,"
Wrong measurements zero accuracy


Farji sb kuch measure krta h mai bus me ja raha tha dikha raha h mai chal raha hu ud din mai 200km paidal chl gya is watch k hisab se acha majak tha sota hu mai 7 ghnte isme 10 ghnte btata hai acha majak chl raha h yaha
",1.0 out of 5 stars,0
15,1396,Prashant Tiwan,"
Smart watch charge ‡§®‡§π‡•Ä ‡§π‡•ã ‡§∞‡§π‡•Ä ,‡§µ‡§æ‡§∞‡§®‡•ç‡§ü‡•Ä ‡§Æ‡•á‡§Ç ‡§π‡•à ‡§ï‡•ç‡§Ø‡§æ ‡§ï‡§∞‡§®‡§æ ‡§™‡•ú‡•á‡§ó‡§æ?


I Purchesed This Smart Watch But still its Not Charging, ‡§Æ‡•á‡§®‡•á ‡§Ø‡•á Smart watch ‡§ñ‡§∞‡•Ä‡§¶‡•Ä ‡§π‡•à ‡§ú‡•ã ‡§Ö‡§≠‡•Ä ‡§µ‡§æ‡§∞‡§®‡•ç‡§ü‡•Ä ‡§Æ‡•á‡§Ç ‡§π‡•à ‡§™‡§∞ ‡§ö‡§æ‡§∞‡•ç‡§ú ‡§®‡§π‡•Ä ‡§π‡•ã ‡§∞‡§π‡•Ä ‡§ï‡•ç‡§Ø‡§æ ‡§ï‡§∞‡§®‡§æ ‡§π‡•ã‡§ó‡§æ?
",3.0 out of 5 stars,1
16,1482,Ashish Thummar ,"
Bad


Battery 2-3 din chalti hai,and only tax messages & call ki notification show karta hai.,whatsapp,fb ki notification show nahi karta
",1.0 out of 5 stars,0
17,1507,Preet Kaur,"
Boat watchüòçüòç


It's just an amazing or delevery bhi bht fast thi jis din order Kia usdin sham ko ko hi agi nd abhi tk 1 month hogya ekdm mst chlri h uh must go and buy thisüòçüòçüòç
",5.0 out of 5 stars,1
18,1595,Vinay,"
Awesome watch


Bhai watch bout awesome hai mene apne liye mangyi thi itni achi watch hai ki papa ne rkh li üò≠üò≠ ab jis rate p mene lii thi usse mehengi ho gyiAb iska next generation lunga mai
",5.0 out of 5 stars,1
19,1615,Patrakar Kishan,"
‡§∂‡§æ‡§®‡§¶‡§æ‡§∞ ‡§π‡•à


Best
",5.0 out of 5 stars,1
20,1649,Shekhar gupta,"
Touch screen slow






                    The media could not be loaded.
                



¬†Bahut slow hai ye xtend bahut hi jyada baki sab sahi hai battery 7 day tak Aaram se chal jata hai but bahut hi jyada slow hai set üòîüòî
",2.0 out of 5 stars,0
21,1653,Manas Singh,"
The best premium watch ever seen


Eekdm neek  ghadi baa ...Saab koi lee la ...pahine ke baad maza aayei. Hamara ke 2700 me milal, offer me ....tu jana le la ....theek ba hamar etne baat rahe ...parnam
",5.0 out of 5 stars,1
22,1672,Shubham,"
Free m milta to sayad achcha rahta.kachra ko paisa dekar ghar le aaya.


Every time it got disconnected.spo2 is inaccurate. battery is too poor.free m to ni diya h na to fir galat kyon karte ho bhai.upar se return policy ni h.boat apna market kharab kr raha h.ab kv v boat use ni karunga.
",1.0 out of 5 stars,0
23,1747,aatif sajjad,"
Battery is 2 days if you're using continues heart monitor tracking


Sab kuch acha hai bas battery 2 din milega agar continue heart monitor on rhega to aur aise ek hafta
",5.0 out of 5 stars,1
24,1818,Shovit,"
Worst product 3months k baad hi screen kaam krna band kr diya bina kisi damage k hi üò°






                    The media could not be loaded.
                



¬†Worst productDon't buy it3months k baad hi screen kam krna band ho gaya bina kisi damage k üò°
",1.0 out of 5 stars,0
25,1870,Mr Rishabh,"
Features issue


Iske features itne achche nhi hai software update krna Chahiye iska or better features dena Chahiye
",3.0 out of 5 stars,1
26,2049,Gaurav,"
Thik thak


Itna paisa lg gya per call mobile se hi accept karna padta hai
",5.0 out of 5 stars,1
27,2217,shaikh arman,"
Very li8 weight h






                    The media could not be loaded.
                



¬†Touch response baht hi bekaar h all over tik h agr 2500 rs m milta to sahi hota baaki sb sahi h agr apka budget h to le skte h aap
",2.0 out of 5 stars,0
28,2254,Nikhil,"
Watch ki screen ni chal ri h custmer care number de aap mujhe






                    The media could not be loaded.
                



¬†Sb khuch achha h lekin koi problm ho to custmer care ka number ni milta nd koi sunta ni h phir
",4.0 out of 5 stars,1
29,2284,Ashutosh kumar,"
Connection problem


Connectivity ‡§¨‡§π‡•Å‡§§ ‡§π‡•Ä ‡§ñ‡§∞‡§æ‡§¨ ‡§π‡•à ‡§á‡§∏ watch ‡§ï‡•Ä , pocket ‡§Æ‡•á‡§Ç phone ‡§î‡§∞ ‡§π‡§æ‡§• ‡§Æ‡•á watch ‡§∞‡§π‡§§‡•á ‡§π‡•Å‡§è ‡§≠‡•Ä disconnect ‡§π‡•ã ‡§ú‡§æ‡§§‡§æ ‡§π‡•à, ‡§á‡§∏ ‡§≤‡§ø‡§è  ‡§Æ‡•à‡§Ç suggest ‡§ï‡§∞‡•Ç‡§Å‡§ó‡§æ ‡§ï‡§ø ‡§Ø‡•á watch ‡§®‡§æ ‡§≤‡•á‡•§
",2.0 out of 5 stars,0
30,2287,Amazon Customer,"
Nice üëç


Mast he bhai..
",5.0 out of 5 stars,1
31,2350,Kaushlendra,"
‡§¨‡§π‡•Å‡§§ ‡§π‡•Ä ‡§ñ‡§∞‡§æ‡§¨ ‡§π‡•à‡§Ç






                    The media could not be loaded.
                



¬†‡§π‡§Æ‡§æ‡§∞‡§æ ‡§Æ‡§æ‡§®‡§®‡§æ ‡§π‡•à ‡§á‡§∏‡§∏‡•á ‡§Ö‡§ö‡•ç‡§õ‡§æ ‡§π‡•ã‡§ó‡§æ  ‡§ï‡§ø ‡§î‡§∞ ‡§™‡•à‡§∏‡§æ ‡§≤‡§ó‡§æ‡§ï‡§∞ ‡§¨‡§¢‡§º‡§ø‡§Ø‡§æ ‡§™‡•ç‡§∞‡•ã‡§°‡§ï‡•ç‡§ü ‡§≤‡§ø‡§Ø‡§æ ‡§ú‡§æ‡§è
",1.0 out of 5 stars,0
32,2411,Balraj mast,"
‡§™‡•à‡§∏‡•á ‡§ï‡•á ‡§π‡§ø‡§∏‡§æ‡§¨ ‡§∏‡•á ‡§∏‡§π‡•Ä ‡§π‡•à


‡§π‡§Æ‡§ï‡•ã ‡§ï‡•â‡§≤ ‡§ï‡•Ä ‡§ú‡§æ‡§®‡§ï‡§æ‡§∞‡•Ä ‡§Ü‡§∏‡§æ‡§®‡•Ä ‡§∏‡•á ‡§π‡•ã ‡§ú‡§æ‡§§‡•Ä ‡§π‡•à ‡§ï‡•Ä ‡§ï‡§ø‡§∏‡§ï‡•Ä ‡§ï‡§æ‡§≤ ‡§Ü ‡§∞‡§π‡•Ä ‡§π‡•à ‡§Ö‡§ó‡§∞ ‡§ú‡§∞‡•Ç‡§∞‡•Ä ‡§π‡•ã ‡§§‡•ã ‡§ï‡§æ‡§Æ ‡§∏‡•á ‡§∞‡•Å‡§ï ‡§ï‡§∞ ‡§´‡•ã‡§® ‡§Ö‡§ü‡•á‡§Ç‡§° ‡§ï‡§∞‡§§‡•á ‡§π‡•à ‡§®‡§π‡•Ä ‡§á‡§ó‡•ç‡§®‡•ã‡§∞ ‡§ï‡§∞ ‡§¶‡•á‡§§‡•á ‡§π‡•à
",1.0 out of 5 stars,0
33,2424,Junaid,"
Bad quality


Bahot gandda performs hai iska call and sms not track isse  better stations pe 100 rupees vali o to vada nhi karte hai na
",1.0 out of 5 stars,0
34,2464,Raj Bais,"
It's  great product


3000 paisa vasul cheez hai. Srf Alexa feature kbhe kbhe kam nhe krtaa hai aur battery backup 4-5 din ka he.  Lakin overall product is amazing.
",4.0 out of 5 stars,1
35,2582,Nitin,"
Good üëçüëçüëç


‡§ê ‡§ò‡§°‡•Ä ‡§¨‡§π‡•Å‡§§ ‡§π‡•Ä ‡§Ö‡§ö‡•ç‡§õ‡•Ä ‡§π‡•à‡•§‡§ï‡§Æ ‡§¨‡§ú‡§ü ‡§Æ‡•á ‡§¨‡§π‡•Å‡§§ ‡§Ö‡§ö‡•ç‡§õ‡•á ‡§´‡•Ä‡§ö‡§∞‡•ç‡§∏ ‡§π‡•à‡•§‡§≤‡•á‡§ï‡§ø‡§® ‡§ê ‡§¨‡§æ‡§∞ ‡§¨‡§æ‡§∞ ‡§°‡§ø‡§∏‡•ç‡§ï‡§®‡•á‡§ï‡•ç‡§ü ‡§π‡•ã ‡§ú‡§æ‡§§‡•Ä ‡§π‡•à ‡§ê ‡§π‡•Ä ‡§è‡§ï ‡§™‡•ç‡§∞‡•â‡§¨‡•ç‡§≤‡§Æ ‡§π‡•à‡•§‡§µ‡•à‡§∏‡•á ‡§∏‡§¨ ok ‡§π‡•à
",4.0 out of 5 stars,1
36,2739,Sejal,"
Best product


Sare functions acche h but screen iska bhut sabl kr rkhna pr rha kyo ki scratch bhut jldi a rha
",5.0 out of 5 stars,1
37,2777,Javed Mansoori,"
Wrost products


Har 5mint m mobile se disconnected ho jati hCall alert ka pata hi nahi chalta or leg bi kar rahi h
",1.0 out of 5 stars,0
38,2820,Sushant,"
Kya socha tha and kya nikla


shade different ayega gold wala and color pta ni kya hai display ke(quality) and hang toh bhaisaab...
",1.0 out of 5 stars,0
39,2902,Lalit mahajan,"
Honestly review


Thoda aur smoothness chahiye.. bar bar disconnect ho jata hai charging 4,5 din tak chal jati hai
",3.0 out of 5 stars,1
40,2970,Mark ,"
Very bad experience ü§Æü§Æ


Koi na lena isko bhot hi bekar watch h connect nhi hoti phn me khud disconnected ho jati ü§Ø
",1.0 out of 5 stars,0
41,3022,tanveer,"
No notifaction not  tachsicrin gals






                    The media could not be loaded.
                



¬†Vsrry baed k shi tarke se chal nhi rha hai
",1.0 out of 5 stars,0
42,3077,Ahbab uddin,"
Waste of money


2 months pehle liya hu aur ab chalu nahi ho rahi hai bekar product.Amazon bekar products bech raha hai
",1.0 out of 5 stars,0
43,3109,Prashant kumar,"
Average watch not good not bad


Iska display dekhne par kaam nahi karta bas button dabane par hi jalta h or hanging problam bahut jyada h
",2.0 out of 5 stars,0
44,3173,Ajeet,"
BP update Rong normal minim bp kabhi 60 btata hai kabhi 70 hai 120 140. Bakwas hai






                    The media could not be loaded.
                



¬†Bakwas bp ka update jo hai sabse bakwas hai eska.
",1.0 out of 5 stars,0
45,3219,Tabrez,"
Products


Faltu sala ek number ka paisa bekaar hai sala kabhi mat purchase karo isko üò°üò°üò°üò°üò°üò°
",1.0 out of 5 stars,0
46,3359,Akash kumar,"
Aman bhai ke product pe Shak nhi krne kaa


Kyaa bawal Product bnayee ho Aman bhaiiPura system hi hila deti haiiüëçüèª
",5.0 out of 5 stars,1
47,3531,Kiran P.,"
Alexa


All thing are well but alexa ‡§ï‡§≠‡•Ä ‡§ï‡§≠‡•Ä ‡§Ö‡§≤‡•á‡§∏‡§æ ‡§ï‡§æ‡§Æ ‡§π‡•Ä ‡§®‡§π‡•Ä‡•§
",5.0 out of 5 stars,1
48,3589,Amar,"
‡§ó‡§≤‡§§ ‡§¨‡•ç‡§∞‡•á‡§° ‡§π‡•à


‡§ê‡§∏‡§æ ‡§®‡§π‡•Ä‡§Ç ‡§π‡•ã‡§®‡§æ ‡§ö‡§æ‡§π‡§ø‡§è ‡§ú‡§¨ ‡§™‡•á‡§Æ‡•á‡§Ç‡§ü ‡§™‡•Å‡§∞‡•Ä ‡§ï‡§∞‡§§‡•á ‡§π‡•à‡§Ç ‡§§‡•ã ‡§¨‡•à‡§Ç‡§° ‡§≠‡•Ä ‡§µ‡§π‡•Ä‡§Ç ‡§Æ‡§ø‡§≤‡§®‡§æ ‡§ö‡§æ‡§π‡§ø‡§è
",1.0 out of 5 stars,0
49,3607,NarSingh Rawat,"
Bahut kharab watch hai


Bahut kharab watch hai 1 manth mein service centre ja chuki hai aur fir se hang ho gai hai
",1.0 out of 5 stars,0
50,3703,sameer,"
Bluetooth connect problem and  slow work


Bluetooth connection problem kabhi hota h kabhi chor deta h connect  baar baar krna pr rha h connect
",1.0 out of 5 stars,0
51,3749,Rishu Rajput,"
Shandaar jindabad jaberdast ‚úåÔ∏è


Ek no chiz h iss price me
",5.0 out of 5 stars,1
52,3796,Anurag Chaturvedi,"
‡§ñ‡§∞‡§æ‡§¨ ‡§ó‡•Å‡§°‡§µ‡§§‡•ç‡§§‡§æ‡•§


‡§¨‡§æ‡§∞ ‡§¨‡§æ‡§∞ ‡§∏‡•ç‡§Æ‡§æ‡§∞‡•ç‡§ü ‡§µ‡§æ‡§ö ‡§∏‡•á disconnect ho ‡§π‡•Ä ‡§π‡•à‡§Ç ‡§® ‡§á‡§∏‡§ï‡•á ‡§∏‡§Æ‡§æ‡§ß‡§æ‡§® ‡§ï‡•á ‡§ï‡•ã‡§à Customer service ‡§â‡§™‡§≤‡§¨‡•ç‡§ß ‡§π‡•à‡•§
",1.0 out of 5 stars,0
53,3797,Nikunj,"
Sir ye product bhul se bhi buy mat Aman gupta quality bed aap noise ki lelo accha result he sab se


Bhot hi bakwash he khilona heIsse vahiyat product dusra koi nui he
",1.0 out of 5 stars,0
54,3818,Dev Gurjar,"
Very bad local watch h ssli


‡§¨‡§π‡•Å‡§§ ‡§¨‡§°‡§º‡•Ä ‡§∏‡§Æ‡•Ä‡§ï‡•ç‡§∑‡§æ ‡§¨‡§π‡•Å‡§§ ‡§¨‡•á‡§ï‡§æ‡§∞ ‡§ò‡§°‡§º‡•Ä ‡§Æ‡§ø‡§≤‡•Ä ‡§π‡•à ‡§¨‡§π‡•Å‡§§ ‡§π‡•Ä ‡§¨‡•á‡§ï‡§æ‡§∞ ‡§°‡•Å‡§™‡•ç‡§≤‡•Ä‡§ï‡•á‡§ü ‡§Ü‡§á‡§ü‡§Æ ‡§¶‡§ø‡§Ø‡§æ ‡§π‡•à
",1.0 out of 5 stars,0
55,3913,Sandeep Kumar gupta,"
Bahut hi acha hai


Good product
",5.0 out of 5 stars,1
56,3918,Aakash,"
Bad service


Kharab watch diya return karne per paise bhi wapas nahi mile bad service amazo
",1.0 out of 5 stars,0
57,4052,Hariom,"
Bahut hi badhiya aur ‡§Ü‡§µ‡§∂‡•ç‡§Ø‡§ï device






                    The media could not be loaded.
                


",5.0 out of 5 stars,1
58,4083,Suhani Kudav,"
Nice


Bahut achcha hai
",4.0 out of 5 stars,1
59,4090,SHABD BHANDARI,"
Badiya


Badiya, ekdum mast
",5.0 out of 5 stars,1
60,4109,Prashant,"
Watch face hai aur time dikhta (shayad)üòÄüòÄüòÇüòÇüòÇüòÇ






                    The media could not be loaded.
                


",5.0 out of 5 stars,1
61,4122,Ajay,"
‡§∏‡§¨‡§∏‡•á ‡§ò‡§ü‡§ø‡§Ø‡§æ ‡§™‡•ç‡§∞‡•ã‡§°‡§ï‡•ç‡§ü ‡§î‡§∞ amazon ‡§™‡§∞ ‡§∞‡§ø‡§ü‡§∞‡•ç‡§® ‡§®‡§π‡•Ä‡§Ç ‡§π‡•ã‡§§‡§æ ‡§π‡•à


‡§∏‡§¨‡§∏‡•á ‡§ò‡§ü‡§ø‡§Ø‡§æ ‡§™‡•ç‡§∞‡•ã‡§°‡§ï‡•ç‡§ü ‡§î‡§∞ amazon ‡§™‡§∞ ‡§∞‡§ø‡§ü‡§∞‡•ç‡§® ‡§®‡§π‡•Ä‡§Ç ‡§π‡•ã‡§§‡§æ ‡§π‡•à
",1.0 out of 5 stars,0
62,4147,Rahul Yadav,"
‡§á‡§∏‡§∏‡•á ‡§ò‡§ü‡§ø‡§Ø‡§æ ‡§ò‡§°‡§º‡•Ä ‡§Æ‡•à‡§Ç‡§®‡•á ‡§Ü‡§ú ‡§§‡§ï ‡§®‡§π‡•Ä‡§Ç ‡§¶‡•á‡§ñ‡•Ä‡•§


‡§ò‡§°‡§º‡•Ä ‡§ï‡§æ ‡§è‡§ï ‡§≠‡•Ä ‡§´‡§ø‡§ö‡§∞ ‡§Ö‡§ö‡•ç‡§õ‡§æ ‡§®‡§π‡•Ä‡§Ç ‡§π‡•à ‡§∏‡§¨‡§∏‡•á ‡§ò‡§ü‡§ø‡§Ø‡§æ ‡§ò‡§°‡§º‡•Ä ‡§π‡•à boat ‡§ï‡•Ä‡•§
",1.0 out of 5 stars,0
63,4156,Balvinder singh,"
Betry back up bahut hi kharab hai


Bahut hi kharab hai
",5.0 out of 5 stars,1
64,4164,Husainali,"
Dosto kabhi bhi online kuch mat karidna bhale mehnga lena lekin dekh kar lena jyada achcha h


Online kuch bhi mat karidna ullu banate h dosto..aage aapka paisa h jaise chahe kharch kare...
",1.0 out of 5 stars,0
65,4190,Rajat,"
‡§¨‡§π‡•Å‡§§ ‡§π‡•Ä ‡§¨‡•á‡§ï‡§æ‡§∞ ‡§ò‡§°‡§º‡•Ä ‡§π‡•à ‡§ï‡•ã‡§à ‡§Ö‡§ö‡•ç‡§õ‡•Ä ‡§¶‡•á‡§ñ‡§®‡•á ‡§Æ‡•á‡§Ç ‡§®‡§π‡•Ä‡§Ç ‡§≤‡§ó ‡§∞‡§π‡•Ä


‡§Æ‡•Å‡§ù‡•á ‡§™‡•ç‡§∞‡•ã‡§°‡§ï‡•ç‡§ü ‡§™‡§∏‡§Ç‡§¶ ‡§®‡§π‡•Ä‡§Ç ‡§Ü‡§Ø‡§æ ‡§Æ‡•Å‡§ù‡•á ‡§ó‡§æ‡§°‡§º‡•Ä ‡§µ‡§æ‡§™‡§∏ ‡§ï‡§∞‡§®‡•Ä ‡§π‡•à ‡§Æ‡•Å‡§ù‡•á ‡§Ö‡§™‡§®‡•á ‡§™‡•à‡§∏‡•á ‡§µ‡§æ‡§™‡§∏ ‡§ö‡§æ‡§π‡§ø‡§è
",1.0 out of 5 stars,0
66,4193,Pooja Chavan,"
Watch ka blutooth connect problem ho raha hai please return parcels


Yes 4 days accha tha but uske baad blutooth 5 minutes mai disconnected ho raha hai
",1.0 out of 5 stars,0
67,4255,D K Singh,"
Good


‡§Ö‡§ö‡•ç‡§õ‡§æ ‡§ò‡§°‡§º‡•Ä ‡§π‡•à‡§Ç
",5.0 out of 5 stars,1
68,4334,vishal yadav,"
Bar bar disconnect ho jati hai 1 feet ki duri pe bhi






                    The media could not be loaded.
                


",1.0 out of 5 stars,0
69,4368,Patanvadia Niteshbhai.m,"
Nitesh thakor






                    The media could not be loaded.
                



¬†Nitesh Kumar mnilal bhai thakor
",5.0 out of 5 stars,1
70,4411,Sumit kavade,"
Overall bhout accha haiüëåüëå


call attend + daily karne ki sividha dena tha.
",4.0 out of 5 stars,1
71,4456,Firoz Anwar,"
Pta hi nahi chalta, Mobile se automatically disconnect ho jata hai


Otherwise better
",4.0 out of 5 stars,1
72,4469,Amardeep arora,"
‡§ò‡§ü‡§ø‡§Ø‡§æ ‡§™‡•ç‡§∞‡•ã‡§°‡§ï‡•ç‡§ü


‡§Ø‡•á ‡§™‡•ç‡§∞‡•ã‡§°‡§ï‡•ç‡§ü ‡§ò‡§ü‡§ø‡§Ø‡§æ ‡§π‡•à , ‡§ï‡•ã‡§à ‡§≠‡•Ç‡§≤ ‡§∏‡•á ‡§≠‡•Ä ‡§® ‡§ñ‡§∞‡•Ä‡§¶‡•á
",1.0 out of 5 stars,0
73,4476,Akhilesh Kumar,"
‡§®‡•Ä‡§Ç‡§¶ ‡§ü‡•ç‡§∞‡•à‡§ï ‡§ï‡•à‡§∏‡•á ‡§ï‡§∞‡•á‡§Ç


‡§ü‡§æ‡§á‡§Æ ‡§¶‡•á‡§ñ‡§®‡•á ‡§ï‡•á ‡§≤‡§ø‡§è
",5.0 out of 5 stars,1
74,4484,Dev kushwaha,"
‡§π‡§Æ‡§æ‡§∞‡•Ä ‡§ò‡§°‡§º‡•Ä ‡§¨‡•Ç‡§ü ‡§ï‡§Ç‡§™‡§®‡•Ä ‡§ï‡•Ä ‡§π‡•Ä ‡§π‡•à ‡§≤‡•á‡§ï‡§ø‡§® ‡§Ø‡§π ‡§¶‡•Ç‡§∏‡§∞‡•Ä ‡§π‡•à ‡§î‡§∞ ‡§á‡§∏‡§ï‡•Ä ‡§∏‡•ç‡§ï‡•ç‡§∞‡•Ä‡§® ‡§™‡§∞ ‡§∏‡•ç‡§ï‡•ç‡§∞‡•à‡§ö ‡§≠‡•Ä ‡§π‡•à‡§Ç






                    The media could not be loaded.
                


",1.0 out of 5 stars,0
75,4536,Pratiksha Raghav,"
Paisa barbad


Damage product pack karke de di or exchange bhi nhi kiya
",1.0 out of 5 stars,0
76,4550,SACHIN,"
connectivity ‡§ï‡§æ ‡§¨‡§π‡•Å‡§§ problem ‡§π‡•á‡§Ç. ‡§¨‡§∏ ‡§≤‡•ã‡§ó‡•ã‡§Ç‡§ï‡•ã ‡§¶‡§ø‡§ñ‡§æ‡§®‡•á ‡§ï‡•á ‡§≤‡§ø‡§è ‡§∏‡•ç‡§Æ‡§æ‡§∞‡•ç‡§ü ‡§µ‡•â‡§ö ‡§π‡•á. ‡§¨‡§ø‡§≤‡•ç‡§ï‡•Å‡§≤ ‡§≠‡•Ä ‡§Æ‡§§ ‡§ñ‡§∞‡•Ä‡§¶‡•á üôè.


poor
",1.0 out of 5 stars,0
77,4602,Prasad shinde,"
‡§Ø‡•á ‡§¨‡§π‡•ã‡§§ ‡§Ö‡§ö‡•ç‡§ö‡§æ ‡§π‡•à ..‡§Æ‡•Å‡§ù‡•á ‡§™‡§∏‡§Ç‡§¶ ‡§Ü‡§Ø‡§æ ‡§π‡•à ..

",5.0 out of 5 stars,1
78,4699,Niku mishra,"
‡§Æ‡•á‡§∞‡§æ ‡§ò‡§°‡§º‡•Ä ‡§ï‡§æ‡§Æ ‡§®‡§π‡•Ä ‡§ï‡§∞ ‡§∞‡§π‡§æ ‡§π‡•à ‡§¨‡§æ‡§∞ ‡§¨‡§æ‡§∞ Mac 2FDF ‡§Æ‡§æ‡§Ç‡§ó ‡§∞‡§π‡§æ ‡§π‡•à


‡§Ö‡§ó‡§∞ ‡§Ø‡§π ‡§∏‡§Æ‡§∏‡•ç‡§Ø‡§æ ‡§ú‡§≤‡•ç‡§¶‡•Ä ‡§®‡§π‡•Ä ‡§∏‡•â‡§≤‡•ç‡§µ ‡§®‡§π‡•Ä ‡§π‡•ã‡§§‡§æ ‡§π‡•à‡§Ç ‡§§‡•ã ‡§Æ‡•à ‡§Ø‡§π ‡§™‡•ç‡§∞‡•ã‡§°‡§ï‡•ç‡§ü censil ‡§ï‡§∞ ‡§¶‡•Ç‡§Ç‡§ó‡§æ
",1.0 out of 5 stars,0
79,4721,Sonu saini,"
Bekar hai bhai






                    The media could not be loaded.
                



¬†Bekar hi bhai
",1.0 out of 5 stars,0
80,4790,Ruchi sharma,"
Battery backup thik nhi hai


Battery backup kuch khash Nhi hai 10 din ka bolke 6 din bhi nhi chalta
",2.0 out of 5 stars,0
81,4830,Suraj mule,"
14% ‡§Ü‡§£‡•á ‡§™‡§∞ ‡§∏‡•ç‡§µ‡§ø‡§ö off ‡§™‡§° ‡§∞‡§π‡§æ ‡§π‡•à


20 % ‡§ö‡§æ‡§∞‡•ç‡§ú‡§ø‡§Ç‡§ó ‡§¨‡§ö ‡§ú‡§æ‡§Ø‡•á ‡§§‡•ã ‡§∏‡•ç‡§µ‡§ø‡§ö off ‡§™‡§° ‡§∞‡§π‡§æ ‡§π‡•à
",1.0 out of 5 stars,0
82,4839,Dev kumar Biswas,"
Battery backup is good


Ph Ane se name sho nhi karta
",2.0 out of 5 stars,0
83,4845,Aadi,"
Health regard Bhut achi h or sare function bdiya hain


Steps count stress lvl dekhne k liye
",5.0 out of 5 stars,1
84,4847,Shivam,"
Aachi hai low budget ke hisaab se sahi h yaar


Thik h budget ke hisaab se....  Aachi goood
",5.0 out of 5 stars,1
85,4897,Gourav Verma,"
Ghatiya quality


Ghatiya quality smart watch bhai mt lena
",1.0 out of 5 stars,0
86,4904,Dharmendra,"
Good product ü•∞


Nice watch' achai h aap bhi l sakte h ‚ù§Ô∏è
",5.0 out of 5 stars,1
87,4953,arti sachin agrawal,"
Don't buy try another brand


Naam ‡§¨‡§°‡§º‡•á ‡§î‡§∞ ‡§¶‡§∞‡•ç‡§∂‡§® ‡§õ‡•ã‡§ü‡•á
",1.0 out of 5 stars,0
