,Name,Review,Stars,Sug/Com
0,harry GUJJAR,"
GHANTAA BASS BOOSTED WASTED PRODUCT I EVER PURCHASED


Just waste of money guys the fitting in ears is too painful after some time it just paining not even me my family members also try that they facing the same problemCall quality badTouch sensors stop working having mood swingsVolume is lowAnd as company claim bass boosted ( ghanta bass boosted)Bhaisaab 200 rupay ki UBON ki lid isse achhi avaz dedegi  1200 rs is kabaade keAnd guys aple airpods pro ki replica lelo isse achhi to bhaisab vo bhi achhi h inse to kum se kum fitting to properly hogiBss yaar dekhlo aur baaki aapki mrzii
",1.0 out of 5 stars,0
1,Piyush,"
Gajab product hai 1200 se niche to koi khaas kami ni.


There is only 1 downside that it does not show how much battery is remaining in the case otherwise no downside. Battery is amazing lasts upto minimum 5 hours on 100% volume and 6-7 hrs on 70-80% volume . Takes 1 hour to chatge the earbuds  . Bass is very impressive and overall sound quality is awesome. But sometimes the battery percentage is not shown fully accurate. By this i mean Ki kabhi kabhi iski battery bhot der tak same hi dikhata rehta h mtlb agr iski battery 1 ghnte me 10% drop hoti h to ye show nhi krta sidha 2ghnte baad 20% battery drop dikhate hai. I hope aap sb smjh gaye honge. Baaki bdhiya product h merko 999 me mil gaya tha iske hisaab se best tws hai is range me . Touch control bhi sahi hai. Agar 1200 tk me mile to bina soche utha lena or agr aapke unit me koi dikkat h to 10 se pehle replace krwa lena . Baaki eksm mast product hai agar aapka piece defective nahi hai to . Bina soche lelo 1200 me to. Agr 1300 me aapko mil rha h to thoda research krlena isse bdhiya koi tws mil jaye shayad. 1200 se niche to gajab ka product hai
",5.0 out of 5 stars,1
2,Rudra Seal,"
Bad


Return karna tha lekin replacement option avilable hai sirf yeisa karna nhi chahiye tha agr product or product quality  atsa nhi hai toh kiya kare ham wo ap ka fault haina call quality atsa hota hai na sound quality atsa hai fully worst productMere toh product v atsa nhi nikla orh product quality v atsa nhi hai mujhe return krna tha lekin ap logone return option hi nhi rakha jante huwe v product quality atsa v nhi ho sakta haiHo sake toh return lijiye plzz mujhe refund chahiye mujhe ye product nhi chahiye replacement option ko cancel karke return likiye
",1.0 out of 5 stars,0
3,Vaibhav kamble,"
MADE IN INDIA CHECK OUT ORIGINAL REVIEW






                    The media could not be loaded.
                



¬†Bhai sabse pahle to fake comment dal ke galat mat boloMivi india working hardAnd sare products bahot ache hai...1500 k ear pod try kiya hu...par 2 din me wapas kiya...unsatisfiedBut maine a25 lene ka sochaBhai ek number .....bssss khareed loSocho mat...mai khud istmala kar raha huBass jyada hai isme..actually noice cancelation k liye bass jyada diya haiPr thik haiThoda adjust karna padta haiBaki mast hai
",5.0 out of 5 stars,1
4,Himanshu mishra,"
Great product


Mai kal se use kr rha hun aur bola jaye toh product ik no. Hai Iske prize k according sound quality aur Calling tym aur battery time bahut badhiyan hn kl se use kr rha hun 3points mai Abhi yak 3 hi hue hn aur 10 hours se jaida use kr chuka hun both side aur Abhi bhi 20 hours aur chalega finally bola jaye toh Acha tifaiti hai budget mai aur quality mai aur dekhne mai bhi classic hai ‚ù§Ô∏èüôèüèª
",5.0 out of 5 stars,1
5,Karan saini,"
Telling the truth is a very poor product


Sound quality okBass ok but connectivity is very badBhai sahab thodi dur jaate hi disconnected ho jata heOr ek earbud me to aawaj hi nhi aati heMivi vaalo ki sarvis to ekdam se bakwas heMe khud bahut dino se try kar raha hu lekin kuch ho nhi Raha heBas pade hue he kachre meBhaiyo thode or pese invest karke dang ke le LenaSaste ke chakkar me padkar mt kharidna
",1.0 out of 5 stars,0
6,Rakesh K.,"
Paisa barbad






                    The media could not be loaded.
                



¬†Build quality ek dum se ghatiya ...tum Kahi le kar niklo awaj aati hai...earbuds itne jyada hilte hai case ke ander ...Bhai deep base nhi hai...noise cancellation ke naam per aisa lagega tufan me baith kar baate kar rahe ho...ghrr-ghrr ki awaj aati hai...mujhe sabse jyada iske build quality se...aur calling se problem huyi hai..
",2.0 out of 5 stars,0
7,Vivek vishal,"
Baas quality, sound quality, Low budget


Bass quality super hai, agar kisi ko bass chahiye to ye prefer kro jbl ke earphone se jyada bass hai isme aur clear sound aata hai baad ke sath. Mai 10 din use krne ke baad rewiew daal rha hu, bahut aacha lga low budget freindly.
",4.0 out of 5 stars,1
8,kaka lalit singh,"
Best bass bass bass






                    The media could not be loaded.
                



¬†Agr aapko bass bahut jayda pasand hai tooh aap inhe jarur se 1 baar try karo  .... Bass faadu hai ek damm... Aur battery bhi top class ... Aaj teesra din hai inhe aaye huye mene abhi tak charge nhi kiya hai ... Battery mast chal rhi hai ...and calling quality bhi bahut jayda sateek hai....
",5.0 out of 5 stars,1
9,harpreet s.,"
Best airdops forever


Best airpods sound quality is very good bass is excellent battery life is very good jo log bol rahe hai k yeh waist of money hai mujhe nhi pta kyu bol rahe hain
",5.0 out of 5 stars,1
10,Bhabani shankar hantal,"
This product are truly and pure made in india product please buy this product


Hello guys ye jo MIVI ka product he ye bahut hi acha kaam karta he aur sabse badi baat ye pure made in INDIA  product he aur sound quality ho ya charging capabilities ke bare me bolun to bhut hi acha he aur mic ka quality v bahut hi acha he aur kafi comfortable he I think ki ‚Çπ1199/- me isse acha products mene ajj tak naidekha...so buy it...JAI HIND
",5.0 out of 5 stars,1
11,Amit Singh Choudhary,"
Fraud with customer


Bhai maine mivi duopods A25 2 month phle purchase kiye tha lekin just 3 din phle 1 side wala kharab ho gya or maine warranty claim krne ke liye emil kiya WhatsApp pe message kiya lekin koi reply hi nhi aa rha call kiya lekin koi call recive nhi krta hai jab warranty dena hi nhi to likhte kyo ho
",1.0 out of 5 stars,0
12,md iftekhar khan,"
This is nt for pubg player or any other games


Bhai pubg players ke liye ekdam bakwas h.. Left right foot steps sound ekdam hi nhi h pata hi nhi chalta ye sirf movie dekhne walo ke liye sahi h
",2.0 out of 5 stars,0
13,Nilesh,"
Dont buy


Pls don't buy mene ye product lene ke baad 2-3 months me hi ek side ka sound aana band hogaya mene warranty may product ko thik karne ke liye dene kye baad unka koi email nahi aaya or mere email ka bhi koi jabab nahi aata hye isliye is product ko koi maat kharidna
",1.0 out of 5 stars,0
14,uttam rana,"
Never buy this


Pahle toh yeah khrb ho jaega jaldi firJab iski warranty policy aisi h ki iska koi customer care helpline no nhi h site pe error batayega aur email ka jawab nhi aayegaPura fraud h bss khrb chiZO KO ASSEMBLE KRE BNA DIYA H ISSI JALDI KHRB HO JAYEGAMT KHARIDNA KABHI BHI
",1.0 out of 5 stars,0
15,Amazon Customer,"
Low budget best product


Is price point pe bhout achha hSound average haiBase v average hai price ke hisab se bdya hLe lo bhai bhout achha product hai
",4.0 out of 5 stars,1
16,Abhishek Kumar Sinha,"
It‚Äôs Too good in this Price segment.


‡§Ø‡§¶‡§ø ‡§Ü‡§™‡§ï‡•ã ‡§è‡§ï wireless HeadPhone ‡§ñ‡§º‡§∞‡•Ä‡§¶‡§®‡§æ ‡§π‡•à ‡§§‡•ã ‡§ï‡§Æ Price ‡§Æ‡•á‡§Ç ‡§Ø‡•á ‡§≠‡•Ä ‡§è‡§ï ‡§¨‡§¢‡§º‡§ø‡§Ø‡§æ HeadPhone ‡§π‡•à‡§Ç ‡§ú‡§π‡§æ‡§Ç ‡§Ü‡§™‡§ï‡•ã Base ‡§Ö‡§ö‡•ç‡§õ‡§æ ‡§Æ‡§ø‡§≤‡§§‡§æ ‡§π‡•à‡§Ç Build Quality ‡§á‡§∏‡§ï‡•á Price ‡§ï‡•á ‡§π‡§ø‡§∏‡§æ‡§¨ ‡§∏‡•á ‡§†‡•Ä‡§ï ‡§π‡•à‡§Ç ‡§ú‡§π‡§æ‡§Ç ‡§§‡§ï Price ‡§ï‡•Ä ‡§¨‡§æ‡§§ ‡§π‡•à ‡§µ‡•ã ‡§≠‡•Ä ‡§á‡§∏‡§ï‡•á Quality ‡§ï‡•á ‡§π‡§ø‡§∏‡§æ‡§¨ ‡§∏‡•á ‡§¨‡§¢‡§º‡§ø‡§Ø‡§æ ‡§π‡•à‡§Ç ‡•§ ‡§Æ‡•à‡§Ç ‡§á‡§∏‡•á Rating ‡§Æ‡•á‡§Ç 5/5 ‡§¶‡•á‡§§‡§æ ‡§π‡•Ç‡§Å.‡§ß‡§®‡•ç‡§Ø‡§µ‡§æ‡§¶
",5.0 out of 5 stars,1
17,chitrakumar adil,"
Low sound quality


Ita mono sound.  quality is very not good.Stereo speakers ‡§®‡§π‡•Ä‡§Ç ‡§π‡•à‡•§‡§¨‡§π‡•Å‡§§ ‡§π‡•Ä ‡§Æ‡§π‡§Ç‡§ó‡§æ ‡§≤‡§ó‡§æ ‡§Ø‡§π 400 ‡§∞‡•Ç‡§™‡§è ‡§ï‡•á ‡§≤‡§æ‡§Ø‡§ï ‡§π‡•à‡•§‡§Æ‡•à ‡§ñ‡§∞‡•Ä‡§¶ ‡§ï‡§∞ ‡§™‡§õ‡§§ ‡§∞‡§π‡§æ ‡§π‡•à‡•§ ‡§∏‡•ç‡§ü‡§ø‡§∞‡§ø‡§Ø‡•ã ‡§∏‡§æ‡§â‡§Ç‡§° ‡§®‡§π‡•Ä‡§Ç ‡§Æ‡§ø‡§≤‡•á‡§ó‡§æ ‡§î‡§∞ ‡§® ‡§¨‡•á‡§∏ ‡§∏‡§æ‡§â‡§Ç‡§° ‡§π‡•à
",3.0 out of 5 stars,1
18,Dev Awasthi,"
One week review


phone pe baat krne me problem,Dono ek sath on nai hota haiKabhi kabhi ek bajta hai ek nai bajta hai.And call pe baat krne pe samne wala ka voice repeat ho jata hai , always aisa hua h..Bahoot badi galti kr diye ham yeh leke....
",3.0 out of 5 stars,1
19,kavita Tadlapurkar,"
Good


‡§Ü‡§µ‡§æ‡§ú ‡§∏‡§æ‡§´ ‡§∏‡•Å‡§®‡§æ‡§à ‡§¶‡•á‡§§‡•Ä ‡§π‡•à ‡§™‡§∞ ‡§Æ‡•ç‡§Ø‡•Å‡§ú‡§ø‡§ï ‡§•‡•ã‡§°‡§æ ‡§ï‡§Æ ‡§∏‡•Å‡§®‡§æ‡§à ‡§¶‡•á‡§§‡§æ ‡§π‡•à. ‡§™‡§∞ ‡§™‡•ç‡§∞‡•â‡§°‡§ï‡•ç‡§ü ‡§Ö‡§ö‡•ç‡§õ‡§æ ‡§π‡•à.
",4.0 out of 5 stars,1
20,Manoj sharma,"
Charging is not working


Bhai ye batoge esko charge kese krna h kuki muje lgta h tum log charge ka option dalna bhul gye esse pura dina lago tab bi charge nji hota ye
",3.0 out of 5 stars,1
21,VISHAL,"
Not recommendable


1) Charging box me rakhne ke baad bhi bluetooth se connect hota hai2) call receive karne ke baad samne vale ko aavaj nahi jata hai3) Box me bluetooth fit nahi baithata hai
",2.0 out of 5 stars,0
22,Surender,"
Totel waist of money nd time


Duniya ka sabse ghatiya product h ye mivi. Made in India h is liye badiya to ho hi nhi sakta. Bhai jis pr paise jayada ho rahe ho le k dekh liyo. Do bar change karya. Dono bar kharab. Colony mai km se km dus order the mivi k. Sare k Sare kharab.
",1.0 out of 5 stars,0
23,Adarsh,"
It's amazing


Such a Very intusting productAnd battery backup is really dhamakedaarEk baar charge kar ke me atleast 1 month ke lie ise charge karna bhul jata huAccording to my use
",5.0 out of 5 stars,1
24,üíûüíûRahul Goswamiüíûüíû,"
It,s soo amazing sound üòòüòò


Kya bolu iss product ka bara me jitna v Tarif karu kam hai ‚ù§Ô∏è‚ù§Ô∏èmena sara din Apna mob me khoja last point me mivi ka selact kiya .it,s soo amazing sound üòò .bass Quality soo GoodBettery becape awesom.Tqsm Amazon.üòòüòò
",5.0 out of 5 stars,1
25,Amazon Customer,"
Bekar product charging problem he isme


Baker product charging problem he isme ise charge kar rha tha nhi ho rha he
",1.0 out of 5 stars,0
26,rohit jha,"
Good sound and bass


Bhot shi headphone hai bhai log mast bass hai iski Or battery life toh kamal hai maine khud 3 mivi bluetooth order kiye hai üòä very nice quality
",4.0 out of 5 stars,1
27,Awadh,"
Fell liky dolby


Ek headphone me kya chahye battery sound ye dono bhai log kut2 kar bhara hua hai koi is price me iska takkar nhi kar skta hai superb bass qualityüëå
",5.0 out of 5 stars,1
28,Yogeshwar,"
Worst product i have ever bought


Sab kuch bekar hai isme.aur haa 2-3 mahine ke baad ek earbud kharab ho jayegi aur kisi kaam ke nhi hai.itne bekar hai kasam se ki gaali dene ka mann kr raha haiüò°
",1.0 out of 5 stars,0
29,Sucha rai,"
Mivi duopods A25 Bluetooth






                    The media could not be loaded.
                



¬†Hello sir hamen is product mein dikkat ho rahi hai aur Van chalta hai Van Nahin charge hota ISSA exchange kiya jaaye
",3.0 out of 5 stars,1
30,Sunil Kumar,"
Koi mat lena Sabse bekar hai


Sabse bekar hai mivi √Ä25 4 din ke ander hi kharab ho gaya charge hi nahi kar raha h charging Cesh mai sabko suggest karunga koi mat lena warna app ka paisa barbad hoga jese Maira ho gaya
",1.0 out of 5 stars,0
31,Dinesh Kumar Tiwari,"
‡§†‡•Ä‡§ï ‡§∏‡•á ‡§ï‡§æ‡§Æ ‡§®‡§π‡•Ä‡§Ç ‡§ï‡§∞‡§§‡§æ ‡§π‡§∞ ‡§¶‡•ã ‡§Æ‡§ø‡§®‡§ü ‡§¨‡§æ‡§¶ ‡§≤‡•á‡§´‡•ç‡§ü ‡§∏‡§æ‡§á‡§° ‡§ï‡§æ ‡§™‡§æ‡§µ‡§∞ ‡§Ü‡§´ ‡§π‡•ã ‡§ú‡§æ‡§§‡§æ ‡§π‡•à


‡§†‡•Ä‡§ï ‡§∏‡•á ‡§ï‡§æ‡§Æ ‡§®‡§π‡•Ä‡§Ç ‡§ï‡§∞‡§§‡§æ ‡§π‡§∞ ‡§¶‡•ã ‡§Æ‡§ø‡§®‡§ü ‡§¨‡§æ‡§¶ ‡§™‡§æ‡§µ‡§∞ ‡§Ü‡§´ ‡§π‡•ã ‡§ú‡§æ‡§§‡§æ ‡§π‡•à ‡§´‡§ø‡§∞ ‡§ï‡§æ‡§® ‡§∏‡•á ‡§®‡§ø‡§ï‡§æ‡§≤ ‡§ï‡§∞ ‡§¶‡•Ç‡§¨‡§æ‡§∞‡§æ ‡§≤‡§ó‡§æ‡§®‡•á ‡§∏‡•á ‡§ï‡§®‡•á‡§ï‡•ç‡§ü ‡§π‡•ã‡§§‡§æ ‡§π‡•à ‡§´‡§ø‡§∞ ‡§è‡§ï ‡§¶‡•ã ‡§Æ‡§ø‡§®‡§ü ‡§¨‡§æ‡§¶ ‡§°‡§ø‡§∏‡•ç‡§ï‡§®‡•á‡§ï‡•ç‡§ü ‡§π‡•ã ‡§ú‡§æ‡§§‡§æ ‡§π‡•à
",2.0 out of 5 stars,0
32,raju sharma,"
‡§∏‡§¨‡§∏‡•á ‡§ñ‡§∞‡§æ‡§¨ 2 ‡§¶‡§ø‡§® ‡§Æ‡•á‡§Ç ‡§π‡•Ä ‡§∞‡§æ‡§á‡§ü ‡§µ‡§æ‡§≤‡§æ ‡§ï‡§æ‡§Æ ‡§®‡§π‡•Ä‡§Ç ‡§ï‡§∞ ‡§∞‡§π‡§æ ‡§π‡•à


‡§µ‡•á‡§∞‡•Ä ‡§¨‡•á‡§° ‡§™‡•ç‡§∞‡•ã‡§°‡§ï‡•ç‡§ü ‡§π‡•à , 2 ‡§¶‡§ø‡§® ‡§Æ‡•á‡§Ç ‡§ñ‡§∞‡§æ‡§¨ ‡§π‡•ã ‡§ú‡§æ‡§§‡§æ ‡§π‡•à‡§Ç
",1.0 out of 5 stars,0
33,Gurkiran Dhaliwal,"
Don‚Äôt Buy


Koi Faida Nai Lene Ka Bkwas Hai IPhone pe To Bar Bar reconnect Ho Rha Hai Aur new leya Hai Bt Ek Side ka Touch nai Chl Reha
",1.0 out of 5 stars,0
34,B K SINGH,"
‚ò∫


‡§ò‡§ü‡§ø‡§Ø‡§æ products mivi a25 ‡§è 42 ‡§¶‡§ø‡§® ‡§Ö‡§ö‡•ç‡§õ‡•Ä ‡§ö‡§≤‡•Ä ‡§´‡§ø‡§∞ ‡§ö‡§æ‡§∞‡•ç‡§ú‡§ø‡§Ç‡§ó ‡§®‡§π‡•Ä‡§Ç ‡§π‡•ã ‡§∞‡§π‡§æ üëéüëéüëéüëéüëéWrost products
",1.0 out of 5 stars,0
35,Dhanu kumar,"
not work


Very bed poor mivi product in air burds modal a25 not work an full chage hane ke bad bhi bina alart ke hi band hona or full charge bhi na hona or not lasting
",3.0 out of 5 stars,1
36,Azam,"
Bakwas


Bhai koi bhi mat lena bakwas hain ek dum... 2 month me hi kharab ho gaye warranty me hain mail krte krte thak chuka hu change bhi nhi kar rahe.....
",1.0 out of 5 stars,0
37,JYOTI GEHLOT,"
üëçgood


1.sensor hmesha kaam nhi krte2.case kb Aur kitni der charge krna h isllw liye bhi koi indicator nhi hBaki sb bdhiya h price range k hisaab se3.touch control  kaam nhi krte
",4.0 out of 5 stars,1
38,Rahul Vaid,"
Nakli Quality


Nakli Sa lg raha h hath me pkdne me or sound khrab h nkli sound a raha h a20 Acha tha bike pr to bilkul bhi use nhi hoga
",2.0 out of 5 stars,0
39,Ankit kumar,"
Good battery performance I ever seen in this price range


Isme ek dikkat hai iski rubber ki wajah se charge sahi se nahi hota mene iske dakkhan pe double tap lagaya tab charge hota hai kyuki magnet power low.
",4.0 out of 5 stars,1
40,Chandan,"
Bekar h


Theek h but kb nikl jaye pta nhi chlta and agar Bhai kisi ne purchase kr liya to Amazon wale return nhi le jate
",3.0 out of 5 stars,1
41,rushi alvi,"
Wast of mony......


Bohot zada bahar ki aawaaz pakarta hai ye airbads bilkul na le isko ...wast of mony hai ... ..bilkul Awaaz clear nhi aati ....bekar hai
",1.0 out of 5 stars,0
42,Nabeesa aboobakar,"
Dekho case bilkul bhi durable nhi hai aur connectivity bhi poor hai






                    The media could not be loaded.
                



¬†Mai keh rha hun bilkul accha experience nhi tha mera aap na hi lo to behtar hai
",2.0 out of 5 stars,0
43,‡§Ö‡§≠‡§ø‡§∑‡•á‡§ï ‡§ï‡•Å‡§Æ‡§æ‡§∞ ‡§µ‡§∞‡•ç‡§Æ‡§æ,"
‡§Ü‡§µ‡§æ‡§ú‡§º ‡§∏‡§π‡•Ä ‡§π‡•à ‡§™‡§∞ ‡§¨‡§æ‡§∏ ‡§∏‡§π‡•Ä ‡§®‡§π‡•Ä‡§Ç ‡§π‡•à


‡§¨‡§æ‡§∏ ‡§â‡§ö‡•ç‡§ö ‡§π‡•ã ‡§î‡§∞ ‡§¨‡•à‡§ü‡•ç‡§∞‡•Ä ‡§¨‡•à‡§ï‡§Ö‡§™ ‡§î‡§∞ ‡§¨‡§¢‡§º‡§è‡§ï‡§æ‡§® ‡§Æ‡•á ‡§¢‡•Ä‡§≤‡§æ ‡§π‡•ã ‡§∞‡§π‡§æ ‡§π‡•à ‡§á‡§∏‡§ï‡§æ ‡§Ü‡§ï‡§æ‡§∞ ‡§∏‡§π‡•Ä ‡§®‡§π‡•Ä‡§Ç ‡§π‡•à ‡§∏‡§ø‡§∞ ‡§π‡§ø‡§≤‡§æ‡§®‡•á ‡§™‡§∞ ‡§¢‡•Ä‡§≤‡§æ ‡§π‡•ã‡§ï‡§∞ ‡§ó‡§ø‡§∞ ‡§ú‡§æ‡§§‡§æ ‡§π‡•à
",1.0 out of 5 stars,0
44,krunal patel,"
Very bad service by mivi


Very bed service by mivi kabhi bhi koi product mat lena mivi ka kyo ki warranty sirf dikhane ke liye likhte hai kabhi Clem nahi milta ao don't buy mivi products
",1.0 out of 5 stars,0
45,Kamlesh Kumar Mali,"
lacement nahi karte hai


Battery not charging Very bad product COUSTMER ko warranty dete hai,  our replacement nahi karte hai COUSTMER ke sath products karte hai
",1.0 out of 5 stars,0
46,Abhi4,"
Avarage hai sab per battery mai pagal bna rahe h


40 hour bol ke pagal bna rahe h uper se stiker lga ke de rahi hai 40 hour warna 30 hour hai stiker hta ke
",3.0 out of 5 stars,1
47,Priyanka Joshi,"
Bass and volume


Gaane sunne hai to you can go for it.. baaki jehar cheez hai.  Fir hai achi trah se fayde mein rhogeAur offer laga lena 30 rapye kam ho jayega
",5.0 out of 5 stars,1
48,ajinkya thakur,"
Thik thak hai


Calling ke useless hai
",4.0 out of 5 stars,1
49,Rohit pal,"
üëå


Bawal chezz hai üî•
",5.0 out of 5 stars,1
50,sharique,"
Mivi






                    The media could not be loaded.
                



¬†Bhai case charging me gadbadi h aur 3 month ho gya h claimed kiye hue abhi tk kuch bhi nahi hua
",5.0 out of 5 stars,1
51,Arjun sen,"
Best


Is prize me bhut hi jordaar product hai...Bass ek dum mast hOr bettery backup bhi accha hKul milakr best h is prize me...ek no..
",5.0 out of 5 stars,1
52,Tushar Verma,"
I like this earbuds.


‡§∏‡§æ‡§â‡§Ç‡§° ‡§ï‡•ç‡§µ‡§æ‡§≤‡§ø‡§ü‡•Ä ‡§•‡•ã‡§°‡§º‡•Ä ‡§î‡§∞ ‡§¨‡•á‡§π‡§§‡§∞ ‡§π‡•ã‡§®‡•Ä ‡§ö‡§æ‡§π‡§ø‡§è ‡§•‡•Ä ‡§î‡§∞ ‡§®‡•â‡§á‡§∏ ‡§ï‡•à‡§Ç‡§∏‡§ø‡§≤‡•á‡§∂‡§® ‡§•‡•ã‡§°‡§º‡•Ä ‡§î‡§∞ ‡§¨‡•á‡§π‡§§‡§∞ ‡§π‡•ã‡§®‡•Ä ‡§ö‡§æ‡§π‡§ø‡§è ‡§•‡•Ä ‡§î‡§∞ ‡§¨‡•â‡§∏ ‡§ï‡•Ä ‡§ó‡•Å‡§£‡§µ‡§§‡•ç‡§§‡§æ ‡§•‡•ã‡§°‡§º‡•Ä ‡§î‡§∞ ‡§°‡•Ä‡§™ ‡§π‡•ã‡§®‡•Ä ‡§ö‡§æ‡§π‡§ø‡§è ‡§•‡•Ä |
",4.0 out of 5 stars,1
53,Manish sharma,"
Charge problem


Ye product lena mtlb payse bardad krna h ye product charge hi nhi hota h jo earpods charge hi nhi hota h toh wase product ka kya kre aap hi batao
",1.0 out of 5 stars,0
54,ranjit tiwari,"
‡§µ‡•ç‡§π‡§æ‡§ü‡•ç‡§∏‡§è‡§™ ‡§™‡§∞ ‡§Æ‡•à‡§∏‡•á‡§ú ‡§≠‡•Ä ‡§ï‡§ø‡§Ø‡§æ ‡§á‡§∏‡§ï‡•á ‡§¨‡§æ‡§¶ ‡§≠‡•Ä ‡§ï‡•ã‡§à ‡§∞‡§ø‡§™‡•ç‡§≤‡§æ‡§à ‡§®‡§π‡•Ä‡§Ç ‡§¶‡•á‡§§‡•Ä ‡§π‡•à 1 ‡§∏‡§æ‡§≤ ‡§µ‡§æ‡§∞‡§Ç‡§ü‡•Ä ‡§π‡•à ‡§∏‡§ø‡§∞‡•ç‡§´ ‡§ï‡§æ‡§ó‡§ú ‡§ï‡§æ






                    The media could not be loaded.
                



¬†‡§∏‡§æ‡§â‡§Ç‡§° ‡§Æ‡•á‡§Ç ‡§¶‡§ø‡§ï‡•ç‡§ï‡§§ ‡§π‡•à ‡§∞‡§ø‡§ü‡§∞‡•ç‡§® ‡§Ü‡§µ‡§æ‡§ú ‡§Ö‡§™‡§®‡§æ ‡§ï‡§®‡•á‡§ï‡•ç‡§∂‡§® ‡§ï‡§≠‡•Ä-‡§ï‡§≠‡•Ä ‡§õ‡•ã‡§°‡§º ‡§¶‡•á‡§§‡§æ ‡§π‡•à
",1.0 out of 5 stars,0
55,Madhav kumar,"
Mivi duopods is left side system is kharab


‡§Æ‡•á‡§∞‡§æ ‡§Æ‡§ø‡§µ‡•Ä ‡§¶‡•Å‡§ì‡§™‡•ã‡§°‡•ç‡§∏ a25 ‡§≤‡•á‡§´‡•ç‡§ü ‡§∏‡§æ‡§á‡§° ‡§ï‡§æ ‡§∏‡§ø‡§∏‡•ç‡§ü‡§Æ ‡§ñ‡§∞‡§æ‡§¨ ‡§π‡•ã ‡§ó‡§Ø‡§æ ‡§π‡•à ‡§â‡§∏‡§ï‡§æ ‡§¨‡•à‡§ü‡§∞‡•Ä ‡§®‡§π‡•Ä ‡§ö‡§≤ ‡§∞‡§π‡§æ ‡§π‡•à  ‡§™‡•ç‡§≤‡•Ä‡§ú ‡§π‡•á‡§≤‡•ç‡§™ ‡§Æ‡•Ä
",2.0 out of 5 stars,0
56,jai aditya,"
Bad product


Bhut he bkwas product hai noice cancellation bhut bekar hai . Voice flacuation hai bhut jyada
",1.0 out of 5 stars,0
57,ashish ,"
Issue with helmet


All gud‚Ä¶ bas helmet me dikkt hoti h
",4.0 out of 5 stars,1
58,Rishikesh Rishab,"
Best item in this price.


Best item hai....... Battery life bhi mast hai and deep bass bhi hai. Gaming experience bhi achha hai..... Mujhe koi dikata nhi aai.
",5.0 out of 5 stars,1
59,7974224099,"
Sound quality is bad


üëé sound quality shi nai h .. maine iss product ko return ke liye dala pr kisi ne koi response hi nai kiya na hi return hua
",1.0 out of 5 stars,0
60,SATISH bhardwaj,"
Charjing nhi ho rha hai






                    The media could not be loaded.
                



¬†Kharab charging  nahi ho raha hai
",3.0 out of 5 stars,1
61,milan,"
Ekdum gtiya products


Ek dum ek no ki ghtiya proudct hain our customers care num bhi bandh aa RHA hain replace bhi nhi ho raha hain
",1.0 out of 5 stars,0
62,Adnan,"
Very bad connectivity every time disconnected.


Bht hi wahihat bekar bandaal product hai. Bar bar disconet ho jata hai or sir hilane par bhi voice nahi aati
",1.0 out of 5 stars,0
63,Aman khan,"
back Up


Achhi hain Bt sound quality kuchh khas nhi hai  dekha jay to back-up zada achha hai !
",4.0 out of 5 stars,1
64,Vishwajeet nishad,"
Calling voice problem.


Product acha hai bs esme call krne pr voice 2 2 bar sunae deta hai
",3.0 out of 5 stars,1
65,Awadhesh Kumar mishra,"
Voice problem


Voice problam‡§¶‡•ã‡§®‡•ã ‡§è‡§ï ‡§∏‡§æ‡§• ‡§®‡§π‡•Ä‡§Ç ‡§ö‡§≤‡§§‡§æ ‡§µ‡§æ‡§á‡§∏ ‡§™‡•ç‡§∞‡•â‡§¨‡•ç‡§≤‡§Æ ‡§≠‡•Ä ‡§π‡•à‡§Æ‡•á‡§® ‡§™‡•ç‡§∞‡•â‡§¨‡•ç‡§≤‡§Æ ‡§µ‡§æ‡§á‡§∏ ‡§π‡•à
",5.0 out of 5 stars,1
66,Shubham sharma,"
Muje replace krna h left wala nhi chal raha hai?






                    The media could not be loaded.
                



¬†Left wala nhi chl raha hai
",1.0 out of 5 stars,0
67,Rathindra nath pal,"
Touch problem and connectivity problem


Touch problem and connectivity problem . Bhai price kam hai but paisa tho lagra hai akdam faltu
",1.0 out of 5 stars,0
68,Muskan Tamrakar,"
Bahut behtarin.


Bahut badhiya product hai. Bass, sound sab top me hai. ‚ù§
",5.0 out of 5 stars,1
69,Sanket,"
Poor Quality


Bekar product hai 15 din me kharab bhi ho gya  isse jada ghatiya kuch ho hi nhi skta aur ab to replace bhi nhi kr skte
",1.0 out of 5 stars,0
70,Abhinav Mishra,"
Calling problem


Isme call par baat krne ke kafi dikkat aati h hmari awaj nahi sun pata samne wala .
",2.0 out of 5 stars,0
71,Aditya verma,"
Bilkul bhi sahi nhi hai koi bhi iske puchh paise barbaad na karna


Iski Voice quality or bass quality bilkul low haiWorst item I have ever seen in my life
",1.0 out of 5 stars,0
72,Abhishek singh,"
worst product


sbse khrab product ekdm khali dba aayaundr na to earbuds h na uska dba
",1.0 out of 5 stars,0
73,ATUL,"
‡§ò‡§ü‡§ø‡§Ø‡§æ ‡§™‡•ç‡§∞‡•ã‡§°‡§ï‡•ç‡§ü ‡§π‡•à






                    The media could not be loaded.
                



¬†‡§¨‡§π‡•Å‡§§ ‡§ò‡§ü‡§ø‡§Ø‡§æ ‡§™‡•ç‡§∞‡•ã‡§°‡§ï‡•ç‡§ü
",1.0 out of 5 stars,0
74,vicky,"
Sahi nahi hai waps bhi nahi ho raha hai


Sahi nahi hai waps bhi nahi leraha hai no costmer spotting
",1.0 out of 5 stars,0
75,JaiKishan,"
Maic bahut kharb h


Prodect kharb h maic bahut he kharb h bat nhi kar sakte h
",1.0 out of 5 stars,0
76,ramesh solanki,"
‡§ò‡§ü‡§ø‡§Ø‡§æ ‡§ñ‡§∞‡§æ‡§¨ ‡§∏‡§∞‡•ç‡§µ‡§ø‡§∏ ‡§∏‡§ø‡§∞‡•ç‡§´ ‡§Æ‡•á‡§≤ ‡§ï‡§∞‡§§‡•á ‡§∞‡§π‡§§‡•á ‡§π‡•à‡§Ç


‡§¨‡•á‡§ï‡§æ‡§∞ ‡§∏‡§∞‡•ç‡§µ‡§ø‡§∏ very poor Amazon ‡§ï‡•ã ‡§ê‡§∏‡•á product ‡§®‡§π‡•Ä‡§Ç ‡§¨‡•á‡§ö‡§®‡•á ‡§ö‡§æ‡§π‡§ø‡§è
",1.0 out of 5 stars,0
77,Deepak Rajput,"
He is nice


Aacha hai sound eska
",3.0 out of 5 stars,1
78,Monika Sharma,"
Bass ek dum mast hai


Bass ek dum mast hai baat nhi ho paati thik hi hai me 5 me se 3 start dunga
",5.0 out of 5 stars,1
79,Dilipchak,"
Koi bat lena Isme warranty to hoti hai Lekin koi Jacob guaranty nhi western


Ak Taraf ka saund 2manth me work karna band kar deta Hai  pls koi mat lena
",1.0 out of 5 stars,0
80,Rishabh uttam,"
Connecting problem


Voice achi h but connection problem hai mean chalte chalte apne aap voice katne lagti h
",2.0 out of 5 stars,0
81,Abdallah Khaja,"
Worth for cash,


wo chini earpod nai lene 4 paise zyada daalo, aur brand lelo!!
",5.0 out of 5 stars,1
82,sujeet kumar,"
Ee ka bawasir bana diye ho be.. üòÜüòÜüòÜüòÜüòÜüòÜ


Got defective one ..
",1.0 out of 5 stars,0
83,Atul,"
Tataly good






                    The media could not be loaded.
                



¬†Calling m thodi dikkat hai baki sab badhiya
",5.0 out of 5 stars,1
84,Nirmal,"
Best product


One of the best productNo words to say...Bs itna bolunga jaldi kro kahrid lo
",5.0 out of 5 stars,1
85,Subhash Kumar. ,"
bad product nlhcmg kffkufclg‡•§ Jmh


Bad itme. Bhaut faltu product charging problem kvi mat buy krna  ...Not successful
",1.0 out of 5 stars,0
86,Devender Kumar,"
Bahut bekar product hai pese vapis chiye






                    The media could not be loaded.
                


",1.0 out of 5 stars,0
87,Tushar Bhorkar,"
Bekar hai maat lena bhai mivi k aache nhi aarhe product ab


Mivi product are not good Charing bht jaldi jaa rha hai
",2.0 out of 5 stars,0
88,Deepak Kumar,"
Not satisfied.. connect hone me time lgta hai & calling ke time pe voice distrubnce aati hai


Not satisfied.. connect hone me time lgta hai & calling ke time pe voice distrubnce aati hai
",1.0 out of 5 stars,0
89,jubir,"
touch acha kaam nhi kar rhai hai


Touch acha kaam nhi kar rhai hai or sound quality bass thik hai jada achi nhi hai
",2.0 out of 5 stars,0
90,Rahul Ghosh,"
Product is not good. calling quality is too poor. Low price bt not good .


Bad quality ekdam. Koi lega to samajh lo bhi uska loss e hoga
",1.0 out of 5 stars,0
91,Omkar Kshirsagar,"
Connection


Poket me phone rakhne ke baad connection loss ho raha he
",2.0 out of 5 stars,0
92,Chanchal singh,"
Bakbass itam mat lena


Bakbas itam mat lena 200/  300/ rang ka hai ye
",1.0 out of 5 stars,0
93,Pravin Naidu,"
Awaaz clear nahin Jana


‡§¶‡•Ç‡§∏‡§∞‡•á ‡§ï‡•Ä ‡§Ü‡§µ‡§æ‡§ú ‡§ï‡•ç‡§≤‡§ø‡§Ø‡§∞ ‡§®‡§π‡•Ä‡§Ç ‡§Ü‡§§‡•Ä ‡§î‡§∞ ‡§â‡§∏‡§ï‡•ã ‡§∏‡§π‡•Ä ‡§∏‡•Å‡§®‡§æ‡§à ‡§®‡§π‡•Ä‡§Ç ‡§¶‡•á‡§§‡§æ
",1.0 out of 5 stars,0
94,sajal Agrawal,"
Bilkul hi ganda hai isse accha na leta to theek tha


Very bad zindgi mai kabhi is company ke product nhi kharidunga
",1.0 out of 5 stars,0
95,sangram singh,"
Nice product it's Beautiful luck


Sound quality mast Hai Bhai. Jaldi se le lo kahi moka nikal na jaye Dosto...
",5.0 out of 5 stars,1
96,Chitransh Rawat,"
Connection m dikkat h


Connection m dikkat rhti h
",1.0 out of 5 stars,0
97,Subhash Singh,"
Bht bekar h


Bht bekar h bhai mtt dena
",1.0 out of 5 stars,0
98,Gaurav Tiwari,"
Power nhi h but price range me sahi h...


Etne me Etna he milta h üòÖü§£ü§£üòÇ
",3.0 out of 5 stars,1
99,Suleman,"
Please use koi mt lo ye fake product de rhe hn mene phele hi use kre hn but ye product fake he


Iska na sound achi he na hi quality .or origanal ki to baat hi laga he
",1.0 out of 5 stars,0
100,Ronak Boruah,"
No bass


No bass bekaar bass h.. mat lena. Isse acha wecool h
",2.0 out of 5 stars,0
101,Choudhary,"
Sound low


Aavaj aage pichhe aa rhi heüò°üò°
",1.0 out of 5 stars,0
102,Rizwan Ahmad,"
Everything ok but , thode door jane ke baad discount ho jate hay


Everything ok but , thode door jane ke baad discount ho jate hay
",3.0 out of 5 stars,1
103,Mayank,"
Not good


Bekaar mtlb bilkul low quality
",1.0 out of 5 stars,0
104,Prakash pandey,"
Calling me awaz nhi jaa rhi thi


Mike was not work properly
",2.0 out of 5 stars,0
105,MD neyaz uddin,"
mast hai bhai


nice
",4.0 out of 5 stars,1
106,Shishupal,"
achha nahi hai






                    The media could not be loaded.
                



¬†acha nahi
",5.0 out of 5 stars,1
107,Anil kohli,"
Looking good


Music sunne ke liye
",5.0 out of 5 stars,1
108,Krunal jadav,"
Dono alag alag connect hote h ek sath dono use kese kare abüò°üò°


Dono alag alag connect hote h iska kya karna ab üò°üò°üò°
",1.0 out of 5 stars,0
109,Aftab Hussain,"
Warranty nahi mila


Mujhe Warranty ka kuch nahin mila abhi tak
",1.0 out of 5 stars,0
110,Abhinav,"
Cheater company. Used ‡§î‡§∞ ‡§ò‡§ü‡§ø‡§Ø‡§æ product ‡§¨‡•á‡§ö‡§§‡•á ‡§π‡•à, complain ‡§ï‡§∞‡§®‡•á ‡§™‡§∞ product replace ‡§≠‡•Ä ‡§®‡§π‡•Ä‡§Ç ‡§ï‡§∞‡§§‡•á ‡§π‡•à‡§Ç


Voice echo ‡§π‡•ã‡§§‡•Ä ‡§π‡•à ‡§∏‡§æ‡§Æ‡§®‡•á ‡§µ‡§æ‡§≤‡•á ‡§ï‡•á ‡§´‡•ã‡§® ‡§™‡§∞
",1.0 out of 5 stars,0
111,urjaram,"
‡§∏‡§æ‡§â‡§Ç‡§° ‡§ï‡•ç‡§µ‡§æ‡§≤‡§ø‡§ü‡•Ä ‡§∏‡§π‡•Ä ‡§®‡§π‡•Ä‡§Ç ‡§π‡•à


‡§Æ‡•Ä‡§µ‡•Ä ‡§¨‡•ç‡§≤‡•Ç‡§ü‡•Ç‡§• ‡§ï‡§ø ‡§∏‡§æ‡§â‡§Ç‡§° ‡§ï‡•ç‡§µ‡§æ‡§≤‡§ø‡§ü‡•Ä ‡§∏‡§π‡•Ä ‡§®‡§π‡•Ä‡§Ç ‡§π‡•à ‡§µ‡§π ‡§Ü‡§µ‡§æ‡§ú ‡§¨‡§ø‡§≤‡•ç‡§ï‡•Å‡§≤ ‡§ï‡§Æ ‡§π‡•à
",1.0 out of 5 stars,0
112,awanish tripathi,"
ghatiya products h mivi ka....galti se bhi mat lena wrna pachtaoge aap log


ghatiya products h mivi ka....galti se bhi mat lena wrna pachtaoge aap log
",1.0 out of 5 stars,0
113,Subiya Mehreen,"
Samjhdar ko ishara kafi hai

",2.0 out of 5 stars,0
114,Ayush,"
Bad


Call me awaj nhi jate h sal
",1.0 out of 5 stars,0
115,Sujeet sujeetrajput,"
‡§ï‡•â‡§≤ ‡§™‡§∞ ‡§¨‡§æ‡§§ ‡§ï‡§∞‡§§‡•á ‡§∏‡§Æ‡§Ø ‡§Ü‡§µ‡§æ‡§ú ‡§ñ‡§∞‡§æ‡§¨ ‡§π‡•à


‡§Æ‡•à‡§Ç‡§®‡•á ‡§Ø‡§π ‡§ï‡•â‡§≤‡§ø‡§Ç‡§ó ‡§ï‡•á ‡§≤‡§ø‡§è ‡§≤‡§ø‡§Ø‡§æ ‡§•‡§æ ‡§ï‡•â‡§≤‡§ø‡§Ç‡§ó ‡§ï‡•á ‡§∏‡§Æ‡§Ø ‡§Ü‡§µ‡§æ‡§ú ‡§∏‡§æ‡§´ ‡§®‡§π‡•Ä‡§Ç ‡§Ü‡§§‡•Ä ‡§π‡•à
",3.0 out of 5 stars,1
116,Ajay kashyap,"
Thik thak üëåüëå


Sound good batteryüîã good  thik thak üëåüëå
",5.0 out of 5 stars,1
117,kishangogdiya,"
L airport karaab ho gya hai


L airport karaab ho gya hai
",1.0 out of 5 stars,0
118,sanjay,"
kharab h


mujhe ye lefty bala kharab mila h
",1.0 out of 5 stars,0
119,Gulshan singh,"
‡§™‡•à‡§∏‡§æ ‡§µ‡§∏‡•Ç‡§≤


‡§¨‡•à‡§ü‡§∞‡•Ä ‡§¨‡•à‡§ï‡§Ö‡§™ ‡§î‡§∞ ‡§∏‡§æ‡§â‡§Ç‡§° ‡§¨‡§π‡•Å‡§§ ‡§¨‡§¢‡§º‡§ø‡§Ø‡§æ ‡§π‡•à
",5.0 out of 5 stars,1
120,Karan pundir,"
Game ya kuch options kholne pr jo voice aati hai wo earbuds tk thoda time lgta hai






                    The media could not be loaded.
                


",3.0 out of 5 stars,1
121,Nisanjeet Thayal,"
‡§Æ‡§§ ‡§≤‡•á‡§®‡§æ ‡§ï‡•ã‡§à ‡§ñ‡§∞‡§æ‡§¨ ‡§π‡•ã ‡§ú‡§æ ‡§∞‡§π‡§æ ‡§π‡•à


Charging problem..Power off on problem
",1.0 out of 5 stars,0
122,nitin,"
Jb dono year phone lgate h to chiiii chiii ki aawaj aati h


Not good not bed
",3.0 out of 5 stars,1
123,abcd,"
Bakvas


Isse achha to china ka mal ata he1200 rupe do or ullu bano
",1.0 out of 5 stars,0
124,Arsh Khan,"
Redailcall nhi hota he


Redailcall nhi hota he
",1.0 out of 5 stars,0
125,Rafik Mansuri,"
Bought because of bhuvan bam


Bought because of bhuvan bam
",5.0 out of 5 stars,1
126,ajay,"
Charjing prblm


Charjing prblm
",2.0 out of 5 stars,0
127,Ujjawal Sriwastava,"
Quality Is Awesome


Maza aa gya khareed k
",5.0 out of 5 stars,1
128,vipul Sonagara,"
‡§Ø‡§∞‡§´‡•ã‡§® ‡§ï‡§æ‡§® ‡§ï‡•á ‡§≤‡§ø‡§è ‡§Ö‡§ö‡•ç‡§õ‡§æ ‡§®‡§π‡•Ä ‡§π‡•à


‡§Ø‡§æ ‡§™‡•ç‡§∞‡•â‡§°‡§ï‡•ç‡§ü ‡§ï‡§æ‡§® ‡§ï‡•á ‡§≤‡§ø‡§Ø‡•á ‡§®‡§π‡•Ä ‡§π‡•à ‡§î‡§∞ ‡§Ü‡§™‡§ï‡•á ‡§ï‡§æ‡§® ‡§ï‡•á ‡§≤‡§ø‡§è ‡§Ö‡§ö‡•ç‡§õ‡§æ ‡§®‡§π‡•Ä ‡§π‡•à
",3.0 out of 5 stars,1
129,Mohit Choudhary,"
Bahut achha hai


Vaice
",5.0 out of 5 stars,1
130,Anonymous,"
Sound is very low yau are charging money par bahut acchi awaaz nhi hai


Bass is good but sound is low
",1.0 out of 5 stars,0
131,Syed khairuddin,"
‡§ï‡§Æ ‡§™‡•à‡§∏‡§æ ‡§Æ‡•á ‡§Ö‡§ö‡•ç‡§õ‡§æ ‡§™‡•ç‡§∞‡•ã‡§°‡§ï‡•ç‡§ü  ‡§¨‡§π‡•Å‡§§ ‡§¨‡§¢‡§º‡§ø‡§Ø‡§æ


‡§∏‡§æ‡§â‡§Ç‡§° ‡§ï‡•ç‡§µ‡§æ‡§≤‡§ø‡§ü‡•Ä ‡§Ö‡§ö‡•ç‡§õ‡§æ ‡§π‡•à ‡§î‡§∞ ‡§¨‡§æ‡§¶ ‡§≠‡•Ä ‡§¨‡§π‡•Å‡§§ ‡§Ö‡§ö‡•ç‡§õ‡§æ ‡§π‡•à‡•§
",4.0 out of 5 stars,1
132,veena sharma,"
Bakvas


Bakvas
",1.0 out of 5 stars,0
133,karan lalkumar chandwani,"
‡§Æ‡•á‡§∞‡•á ‡§™‡•ç‡§∞‡•ã‡§°‡§ï‡•ç‡§ü ‡§ï‡•á ‡§∏‡§æ‡§• ‡§õ‡•á‡§°‡§º ‡§õ‡§æ‡§°‡§º ‡§ï‡•Ä ‡§ó‡§à ‡§π‡•à‡§Ç


‡§Æ‡•á‡§∞‡•á ‡§™‡•ç‡§∞‡•ã‡§°‡§ï‡•ç‡§ü ‡§ï‡•á ‡§∏‡§æ‡§• ‡§õ‡•á‡§°‡§º ‡§õ‡§æ‡§°‡§º ‡§ï‡•Ä ‡§ó‡§à ‡§π‡•à‡§Ç
",2.0 out of 5 stars,0
134,Naveen cheekatlla,"
Very bad


Bakwas product .. calling bakwas ..
",1.0 out of 5 stars,0
135,Susmita reddy 8464949000,"
Wahit product hai ye


Bakwwas product
",5.0 out of 5 stars,1
136,Manoj Pargi,"
Replace my earbuds


Mujhe sound Pasand Nahin Aaya
",1.0 out of 5 stars,0
137,Prathyusha,"
Maik kam nhi ke raha he


Maik kam nhi ke Raha he
",1.0 out of 5 stars,0
138,Mohit sinha,"
Thik price ke hisab se


Achhe hai
",3.0 out of 5 stars,1
139,Neeraj Sharma,"
Achcha nahi hi


Bekaar hi lena
",1.0 out of 5 stars,0
140,Bhawesh Kr,"
‡§¨‡•á‡§π‡§§‡§∞‡•Ä‡§®


‡§¨‡•á‡§π‡§§‡§∞‡•Ä‡§®
",5.0 out of 5 stars,1
141,nihal madhavi ,"
Super


‡§¨‡§π‡•Å‡§§ ‡§π‡•Ä ‡§Ö‡§ö‡•ç‡§õ‡§æ ‡§π‡•à
",5.0 out of 5 stars,1
142,Tushar Kolekar,"
This is not a good


Yeh bahut bekar h plz isko le jao iski jage dusri mgwa lunga
",1.0 out of 5 stars,0
143,Arjun Sunil,"
speakr khrb ho gyaaa hh


speaking problem hhhh 1month hou hh
",5.0 out of 5 stars,1
144,Amazon Customer,"
‡§†‡•Ä‡§ï ‡§†‡§æ‡§ï ‡§π‡•à


Average ‡§π‡•à
",4.0 out of 5 stars,1
145,kaka ji,"
Sahi hai


Iss price mai ‚Çπ1000
",5.0 out of 5 stars,1
146,Rubbal doomra,"
Bhai 4  month me kharab ho gaya


4 months me kharab ho gaya
",1.0 out of 5 stars,0
147,Aastha Bhanushali,"
‡§≤‡§Ø ‡§≠‡§æ‡§∞‡•Ä


‡§≤‡§Ø ‡§≠‡§æ‡§∞‡•Ä ‡§π‡•á‡§°‡§´‡•ã‡§®
",5.0 out of 5 stars,1
148,Ashwini,"
Niceüëç


Product bahut badhiya hai
",4.0 out of 5 stars,1
149,Hani,"
Sound quality is good


Bhadiya h 1200 me or kya sony aenge ye hi bhadiya h
",5.0 out of 5 stars,1
150,9561449340,"
1 mahne me problem aagya aapke mivi me kya karu


Vice problem
",1.0 out of 5 stars,0
151,Nayak Bhargav,"
Paisa barbaad ------- ye gali hai


Worst products West of money
",1.0 out of 5 stars,0
152,Raj Sharma,"
Achh hi hai


‡§™‡§∏‡§Ç‡§¶ ‡§π‡•à
",4.0 out of 5 stars,1
153,Aditee kakde,"
defective item... replacement wala aata bhi nahi hai.....


low sound...
",1.0 out of 5 stars,0
154,Abhay raj,"
Very bad product  west of mony


Bahut hi kharab
",1.0 out of 5 stars,0
155,Sukhjinder Singh,"
Baut acha hai is bakap


Nice sound batter backap acha hai
",5.0 out of 5 stars,1
156,Abhishek,"
‡§∏‡§π‡•Ä ‡§π‡•à

",1.0 out of 5 stars,0
157,Sanjay yadav,"
Waste money


Paisa brbad
",1.0 out of 5 stars,0
158,piyush sawant,"
Ghattiya hai


Do din me kharab ho gaya apne aapü•∫
",1.0 out of 5 stars,0
159,Aman,"
Bhuvan bam


Bhuvan bam
",5.0 out of 5 stars,1
160,Amazon Customer,"
‡§Æ‡§∏‡•ç‡§§ ‡§Æ‡§æ‡§≤ ‡§π‡•à


nice
",5.0 out of 5 stars,1
161,Sultana,"
Bakwaas , incoming samjhati bhi nahi, bich me hi band ho jate he, connect hone me bhi problem he

",1.0 out of 5 stars,0
162,Aashish Verma,"
Case are nit warking


Bakwas hai... Faltu..
",1.0 out of 5 stars,0
163,SUGASAKTHI,"
Bhangar


1 weak chala sirf
",1.0 out of 5 stars,0
164,Gagan,"
Bakwaas


üß≤ didn't sustainable
",1.0 out of 5 stars,0
165,Krishna sha,"
Bor


JayNJ
",1.0 out of 5 stars,0
166,vasava sujitbhai vijaybhai,"
Bakwas


Bakwas
",1.0 out of 5 stars,0
167,RAJUDABHI,"
Mast hai lelo


Mast hai lelo
",5.0 out of 5 stars,1
